sku,product_name,client_id,allocated_qty,stock_norm,avg_daily_demand,last_updated
SKU0001,Nestle Everyday Milk 1L,C001,328,794,22.06,2025-12-08
SKU0001,Nestle Everyday Milk 1L,C009,159,385,10.7,2025-12-08
SKU0001,Nestle Everyday Milk 1L,C004,219,531,14.75,2025-12-08
SKU0001,Nestle Everyday Milk 1L,C003,275,666,18.52,2025-12-08
SKU0001,Nestle Everyday Milk 1L,C008,405,980,27.23,2025-12-08
SKU0001,Nestle Everyday Milk 1L,C010,173,419,11.65,2025-12-08
SKU0001,Nestle Everyday Milk 1L,C007,364,879,24.43,2025-12-08
SKU0001,Nestle Everyday Milk 1L,C006,468,1132,31.47,2025-12-08
SKU0001,Nestle Everyday Milk 1L,C002,80,195,5.42,2025-12-08
SKU0002,Nestle Everyday Milk 500ml,C007,1008,318,8.85,2025-12-08
SKU0002,Nestle Everyday Milk 500ml,C001,1555,491,13.65,2025-12-08
SKU0002,Nestle Everyday Milk 500ml,C002,2358,744,20.69,2025-12-08
SKU0003,Nestle Everyday Milk 250ml,C010,1590,1005,27.94,2025-12-08
SKU0003,Nestle Everyday Milk 250ml,C004,560,354,9.85,2025-12-08
SKU0003,Nestle Everyday Milk 250ml,C002,687,434,12.08,2025-12-08
SKU0003,Nestle Everyday Milk 250ml,C006,1055,667,18.53,2025-12-08
SKU0004,Olpers Full Cream Milk 1L,C004,560,732,20.35,2025-12-08
SKU0004,Olpers Full Cream Milk 1L,C007,601,786,21.85,2025-12-08
SKU0004,Olpers Full Cream Milk 1L,C010,200,262,7.29,2025-12-08
SKU0004,Olpers Full Cream Milk 1L,C003,460,601,16.72,2025-12-08
SKU0004,Olpers Full Cream Milk 1L,C006,627,820,22.79,2025-12-08
SKU0004,Olpers Full Cream Milk 1L,C005,367,480,13.35,2025-12-08
SKU0004,Olpers Full Cream Milk 1L,C009,417,546,15.18,2025-12-08
SKU0005,Olpers Full Cream Milk 500ml,C010,409,554,15.4,2025-12-08
SKU0005,Olpers Full Cream Milk 500ml,C005,281,381,10.58,2025-12-08
SKU0005,Olpers Full Cream Milk 500ml,C008,237,322,8.95,2025-12-08
SKU0005,Olpers Full Cream Milk 500ml,C001,41,56,1.56,2025-12-08
SKU0005,Olpers Full Cream Milk 500ml,C004,367,497,13.82,2025-12-08
SKU0005,Olpers Full Cream Milk 500ml,C003,155,210,5.85,2025-12-08
SKU0005,Olpers Full Cream Milk 500ml,C006,256,348,9.67,2025-12-08
SKU0006,Haleeb Fresh Milk 1L,C006,515,701,19.48,2025-12-08
SKU0006,Haleeb Fresh Milk 1L,C004,182,247,6.88,2025-12-08
SKU0006,Haleeb Fresh Milk 1L,C009,76,104,2.89,2025-12-08
SKU0006,Haleeb Fresh Milk 1L,C005,440,599,16.65,2025-12-08
SKU0006,Haleeb Fresh Milk 1L,C008,554,754,20.95,2025-12-08
SKU0006,Haleeb Fresh Milk 1L,C002,391,532,14.8,2025-12-08
SKU0006,Haleeb Fresh Milk 1L,C010,77,104,2.91,2025-12-08
SKU0006,Haleeb Fresh Milk 1L,C001,579,788,21.9,2025-12-08
SKU0006,Haleeb Fresh Milk 1L,C007,804,1095,30.42,2025-12-08
SKU0006,Haleeb Fresh Milk 1L,C003,321,437,12.15,2025-12-08
SKU0007,Haleeb Fresh Milk 500ml,C010,283,460,12.8,2025-12-08
SKU0007,Haleeb Fresh Milk 500ml,C007,223,363,10.1,2025-12-08
SKU0007,Haleeb Fresh Milk 500ml,C006,192,313,8.7,2025-12-08
SKU0007,Haleeb Fresh Milk 500ml,C001,176,287,8.0,2025-12-08
SKU0007,Haleeb Fresh Milk 500ml,C008,487,793,22.05,2025-12-08
SKU0007,Haleeb Fresh Milk 500ml,C002,179,292,8.12,2025-12-08
SKU0007,Haleeb Fresh Milk 500ml,C004,474,772,21.45,2025-12-08
SKU0008,Nurpur Milk 1L,C002,253,375,10.43,2025-12-08
SKU0008,Nurpur Milk 1L,C010,77,115,3.21,2025-12-08
SKU0008,Nurpur Milk 1L,C006,201,298,8.29,2025-12-08
SKU0008,Nurpur Milk 1L,C005,270,401,11.15,2025-12-08
SKU0008,Nurpur Milk 1L,C009,146,216,6.02,2025-12-08
SKU0008,Nurpur Milk 1L,C001,530,787,21.86,2025-12-08
SKU0008,Nurpur Milk 1L,C008,335,498,13.84,2025-12-08
SKU0008,Nurpur Milk 1L,C004,521,774,21.5,2025-12-08
SKU0008,Nurpur Milk 1L,C003,647,960,26.68,2025-12-08
SKU0008,Nurpur Milk 1L,C007,700,1039,28.89,2025-12-08
SKU0009,Nurpur Milk 500ml,C006,166,353,9.83,2025-12-08
SKU0009,Nurpur Milk 500ml,C004,164,349,9.72,2025-12-08
SKU0009,Nurpur Milk 500ml,C010,349,745,20.7,2025-12-08
SKU0009,Nurpur Milk 500ml,C007,161,343,9.54,2025-12-08
SKU0009,Nurpur Milk 500ml,C002,412,877,24.38,2025-12-08
SKU0009,Nurpur Milk 500ml,C001,30,64,1.8,2025-12-08
SKU0009,Nurpur Milk 500ml,C005,388,828,23.0,2025-12-08
SKU0010,Dairy Omung Milk 1L,C009,844,470,13.07,2025-12-08
SKU0010,Dairy Omung Milk 1L,C010,301,168,4.67,2025-12-08
SKU0010,Dairy Omung Milk 1L,C001,605,337,9.38,2025-12-08
SKU0010,Dairy Omung Milk 1L,C006,561,312,8.69,2025-12-08
SKU0011,Nestle Yogurt 400g,C006,980,353,9.81,2025-12-08
SKU0011,Nestle Yogurt 400g,C002,1789,644,17.9,2025-12-08
SKU0011,Nestle Yogurt 400g,C010,267,96,2.67,2025-12-08
SKU0012,Nestle Yogurt 900g,C002,302,601,16.72,2025-12-08
SKU0012,Nestle Yogurt 900g,C009,201,399,11.11,2025-12-08
SKU0012,Nestle Yogurt 900g,C001,275,547,15.22,2025-12-08
SKU0012,Nestle Yogurt 900g,C004,520,1033,28.72,2025-12-08
SKU0012,Nestle Yogurt 900g,C007,455,905,25.15,2025-12-08
SKU0012,Nestle Yogurt 900g,C008,50,99,2.76,2025-12-08
SKU0012,Nestle Yogurt 900g,C006,128,255,7.09,2025-12-08
SKU0012,Nestle Yogurt 900g,C010,273,542,15.07,2025-12-08
SKU0013,Tarang Dahi 500g,C004,265,696,19.35,2025-12-08
SKU0013,Tarang Dahi 500g,C002,372,977,27.15,2025-12-08
SKU0013,Tarang Dahi 500g,C003,133,350,9.74,2025-12-08
SKU0013,Tarang Dahi 500g,C007,294,773,21.49,2025-12-08
SKU0013,Tarang Dahi 500g,C001,356,936,26.02,2025-12-08
SKU0013,Tarang Dahi 500g,C010,142,373,10.39,2025-12-08
SKU0013,Tarang Dahi 500g,C009,305,801,22.25,2025-12-08
SKU0013,Tarang Dahi 500g,C008,183,482,13.39,2025-12-08
SKU0013,Tarang Dahi 500g,C005,25,66,1.84,2025-12-08
SKU0013,Tarang Dahi 500g,C006,229,602,16.74,2025-12-08
SKU0014,Tarang Dahi 1kg,C005,257,574,15.96,2025-12-08
SKU0014,Tarang Dahi 1kg,C009,394,880,24.45,2025-12-08
SKU0014,Tarang Dahi 1kg,C001,290,647,17.99,2025-12-08
SKU0014,Tarang Dahi 1kg,C007,336,751,20.87,2025-12-08
SKU0014,Tarang Dahi 1kg,C008,79,177,4.93,2025-12-08
SKU0014,Tarang Dahi 1kg,C004,31,69,1.94,2025-12-08
SKU0014,Tarang Dahi 1kg,C002,522,1167,32.42,2025-12-08
SKU0014,Tarang Dahi 1kg,C010,168,376,10.47,2025-12-08
SKU0014,Tarang Dahi 1kg,C003,67,151,4.22,2025-12-08
SKU0014,Tarang Dahi 1kg,C006,61,136,3.79,2025-12-08
SKU0015,Olpers Cheese Slices 200g,C002,51,58,1.62,2025-12-08
SKU0015,Olpers Cheese Slices 200g,C003,383,431,11.98,2025-12-08
SKU0015,Olpers Cheese Slices 200g,C001,264,297,8.25,2025-12-08
SKU0015,Olpers Cheese Slices 200g,C005,624,702,19.51,2025-12-08
SKU0015,Olpers Cheese Slices 200g,C010,400,449,12.49,2025-12-08
SKU0015,Olpers Cheese Slices 200g,C004,353,396,11.02,2025-12-08
SKU0015,Olpers Cheese Slices 200g,C007,426,479,13.31,2025-12-08
SKU0015,Olpers Cheese Slices 200g,C006,133,150,4.18,2025-12-08
SKU0015,Olpers Cheese Slices 200g,C008,380,427,11.88,2025-12-08
SKU0015,Olpers Cheese Slices 200g,C009,468,526,14.64,2025-12-08
SKU0016,Olpers Cheese Slices 400g,C007,151,193,5.38,2025-12-08
SKU0016,Olpers Cheese Slices 400g,C006,247,317,8.81,2025-12-08
SKU0016,Olpers Cheese Slices 400g,C010,337,432,12.0,2025-12-08
SKU0016,Olpers Cheese Slices 400g,C004,367,470,13.06,2025-12-08
SKU0016,Olpers Cheese Slices 400g,C008,583,747,20.76,2025-12-08
SKU0017,Nurpur Butter 200g,C007,809,733,20.37,2025-12-08
SKU0017,Nurpur Butter 200g,C010,686,622,17.28,2025-12-08
SKU0017,Nurpur Butter 200g,C003,95,86,2.4,2025-12-08
SKU0017,Nurpur Butter 200g,C008,242,219,6.11,2025-12-08
SKU0017,Nurpur Butter 200g,C004,813,737,20.48,2025-12-08
SKU0017,Nurpur Butter 200g,C002,152,138,3.85,2025-12-08
SKU0017,Nurpur Butter 200g,C006,379,344,9.56,2025-12-08
SKU0017,Nurpur Butter 200g,C001,825,748,20.79,2025-12-08
SKU0018,Coca Cola Coke 250ml,C009,305,287,8.0,2025-12-08
SKU0018,Coca Cola Coke 250ml,C005,320,301,8.38,2025-12-08
SKU0018,Coca Cola Coke 250ml,C001,670,631,17.55,2025-12-08
SKU0018,Coca Cola Coke 250ml,C010,118,111,3.1,2025-12-08
SKU0018,Coca Cola Coke 250ml,C006,777,732,20.34,2025-12-08
SKU0018,Coca Cola Coke 250ml,C004,72,68,1.89,2025-12-08
SKU0018,Coca Cola Coke 250ml,C002,704,664,18.45,2025-12-08
SKU0019,Coca Cola Coke 500ml,C008,223,154,4.3,2025-12-08
SKU0019,Coca Cola Coke 500ml,C006,780,539,14.99,2025-12-08
SKU0019,Coca Cola Coke 500ml,C005,691,477,13.27,2025-12-08
SKU0019,Coca Cola Coke 500ml,C001,659,455,12.66,2025-12-08
SKU0019,Coca Cola Coke 500ml,C002,607,419,11.65,2025-12-08
SKU0019,Coca Cola Coke 500ml,C007,655,453,12.58,2025-12-08
SKU0019,Coca Cola Coke 500ml,C009,560,387,10.75,2025-12-08
SKU0020,Coca Cola Coke 1.5L,C002,534,646,17.97,2025-12-08
SKU0020,Coca Cola Coke 1.5L,C004,135,163,4.54,2025-12-08
SKU0020,Coca Cola Coke 1.5L,C006,703,850,23.62,2025-12-08
SKU0020,Coca Cola Coke 1.5L,C010,369,447,12.42,2025-12-08
SKU0021,Coca Cola Coke 2.25L,C003,396,205,5.71,2025-12-08
SKU0021,Coca Cola Coke 2.25L,C010,336,174,4.85,2025-12-08
SKU0021,Coca Cola Coke 2.25L,C007,950,493,13.7,2025-12-08
SKU0021,Coca Cola Coke 2.25L,C004,125,65,1.81,2025-12-08
SKU0021,Coca Cola Coke 2.25L,C001,128,66,1.85,2025-12-08
SKU0021,Coca Cola Coke 2.25L,C005,583,302,8.41,2025-12-08
SKU0021,Coca Cola Coke 2.25L,C002,1263,655,18.21,2025-12-08
SKU0021,Coca Cola Coke 2.25L,C008,329,170,4.74,2025-12-08
SKU0021,Coca Cola Coke 2.25L,C009,177,91,2.55,2025-12-08
SKU0022,Pepsi Pepsi 250ml,C005,1010,862,23.97,2025-12-08
SKU0022,Pepsi Pepsi 250ml,C003,449,384,10.68,2025-12-08
SKU0022,Pepsi Pepsi 250ml,C009,471,402,11.19,2025-12-08
SKU0023,Pepsi Pepsi 500ml,C001,695,520,14.47,2025-12-08
SKU0023,Pepsi Pepsi 500ml,C010,534,399,11.1,2025-12-08
SKU0023,Pepsi Pepsi 500ml,C002,86,64,1.8,2025-12-08
SKU0023,Pepsi Pepsi 500ml,C006,1100,823,22.89,2025-12-08
SKU0023,Pepsi Pepsi 500ml,C004,1160,868,24.12,2025-12-08
SKU0023,Pepsi Pepsi 500ml,C009,429,321,8.93,2025-12-08
SKU0023,Pepsi Pepsi 500ml,C005,90,67,1.88,2025-12-08
SKU0023,Pepsi Pepsi 500ml,C007,316,236,6.57,2025-12-08
SKU0024,Pepsi Pepsi 1.5L,C007,977,842,23.4,2025-12-08
SKU0024,Pepsi Pepsi 1.5L,C010,976,841,23.38,2025-12-08
SKU0024,Pepsi Pepsi 1.5L,C002,409,352,9.8,2025-12-08
SKU0024,Pepsi Pepsi 1.5L,C006,648,559,15.53,2025-12-08
SKU0024,Pepsi Pepsi 1.5L,C005,601,518,14.39,2025-12-08
SKU0024,Pepsi Pepsi 1.5L,C009,221,191,5.31,2025-12-08
SKU0024,Pepsi Pepsi 1.5L,C008,390,336,9.35,2025-12-08
SKU0024,Pepsi Pepsi 1.5L,C004,639,551,15.31,2025-12-08
SKU0024,Pepsi Pepsi 1.5L,C001,88,76,2.12,2025-12-08
SKU0025,Pepsi Pepsi 2.25L,C002,475,390,10.83,2025-12-08
SKU0025,Pepsi Pepsi 2.25L,C001,842,690,19.19,2025-12-08
SKU0025,Pepsi Pepsi 2.25L,C004,71,58,1.62,2025-12-08
SKU0025,Pepsi Pepsi 2.25L,C007,803,658,18.29,2025-12-08
SKU0025,Pepsi Pepsi 2.25L,C005,833,683,18.98,2025-12-08
SKU0025,Pepsi Pepsi 2.25L,C008,1008,826,22.97,2025-12-08
SKU0025,Pepsi Pepsi 2.25L,C003,789,647,17.98,2025-12-08
SKU0026,7UP 7UP 250ml,C001,243,692,19.24,2025-12-08
SKU0026,7UP 7UP 250ml,C002,268,762,21.18,2025-12-08
SKU0026,7UP 7UP 250ml,C005,324,922,25.63,2025-12-08
SKU0026,7UP 7UP 250ml,C004,163,466,12.95,2025-12-08
SKU0026,7UP 7UP 250ml,C009,343,977,27.16,2025-12-08
SKU0026,7UP 7UP 250ml,C007,192,547,15.22,2025-12-08
SKU0026,7UP 7UP 250ml,C006,177,506,14.06,2025-12-08
SKU0026,7UP 7UP 250ml,C003,196,558,15.5,2025-12-08
SKU0026,7UP 7UP 250ml,C010,182,519,14.42,2025-12-08
SKU0026,7UP 7UP 250ml,C008,260,742,20.62,2025-12-08
SKU0027,7UP 7UP 500ml,C005,1000,623,17.32,2025-12-08
SKU0027,7UP 7UP 500ml,C001,1214,756,21.02,2025-12-08
SKU0027,7UP 7UP 500ml,C006,191,119,3.32,2025-12-08
SKU0028,7UP 7UP 1.5L,C005,1661,1021,28.36,2025-12-08
SKU0028,7UP 7UP 1.5L,C002,370,227,6.32,2025-12-08
SKU0028,7UP 7UP 1.5L,C008,1170,719,19.98,2025-12-08
SKU0028,7UP 7UP 1.5L,C007,302,186,5.17,2025-12-08
SKU0028,7UP 7UP 1.5L,C001,572,351,9.77,2025-12-08
SKU0029,Sprite Sprite 250ml,C002,901,911,25.32,2025-12-08
SKU0029,Sprite Sprite 250ml,C007,221,223,6.22,2025-12-08
SKU0029,Sprite Sprite 250ml,C003,361,365,10.16,2025-12-08
SKU0029,Sprite Sprite 250ml,C010,851,860,23.9,2025-12-08
SKU0029,Sprite Sprite 250ml,C005,681,688,19.13,2025-12-08
SKU0029,Sprite Sprite 250ml,C006,157,159,4.42,2025-12-08
SKU0029,Sprite Sprite 250ml,C001,389,393,10.93,2025-12-08
SKU0029,Sprite Sprite 250ml,C004,539,545,15.16,2025-12-08
SKU0029,Sprite Sprite 250ml,C008,365,369,10.25,2025-12-08
SKU0030,Sprite Sprite 500ml,C006,376,533,14.83,2025-12-08
SKU0030,Sprite Sprite 500ml,C005,368,523,14.53,2025-12-08
SKU0030,Sprite Sprite 500ml,C009,88,125,3.48,2025-12-08
SKU0030,Sprite Sprite 500ml,C010,630,893,24.82,2025-12-08
SKU0030,Sprite Sprite 500ml,C007,71,101,2.81,2025-12-08
SKU0030,Sprite Sprite 500ml,C003,527,748,20.78,2025-12-08
SKU0030,Sprite Sprite 500ml,C002,167,237,6.6,2025-12-08
SKU0031,Sprite Sprite 1.5L,C001,1771,207,5.77,2025-12-08
SKU0031,Sprite Sprite 1.5L,C004,799,93,2.6,2025-12-08
SKU0031,Sprite Sprite 1.5L,C009,1426,167,4.65,2025-12-08
SKU0032,Fanta Orange 500ml,C007,345,406,11.3,2025-12-08
SKU0032,Fanta Orange 500ml,C002,551,649,18.03,2025-12-08
SKU0032,Fanta Orange 500ml,C005,729,859,23.86,2025-12-08
SKU0032,Fanta Orange 500ml,C004,131,154,4.28,2025-12-08
SKU0032,Fanta Orange 500ml,C006,49,58,1.61,2025-12-08
SKU0032,Fanta Orange 500ml,C009,361,425,11.82,2025-12-08
SKU0032,Fanta Orange 500ml,C008,699,823,22.88,2025-12-08
SKU0032,Fanta Orange 500ml,C003,570,671,18.64,2025-12-08
SKU0032,Fanta Orange 500ml,C001,612,721,20.03,2025-12-08
SKU0032,Fanta Orange 500ml,C010,165,195,5.42,2025-12-08
SKU0033,Fanta Orange 1.5L,C010,120,540,15.01,2025-12-08
SKU0033,Fanta Orange 1.5L,C008,46,207,5.78,2025-12-08
SKU0033,Fanta Orange 1.5L,C002,164,738,20.51,2025-12-08
SKU0033,Fanta Orange 1.5L,C007,116,521,14.5,2025-12-08
SKU0033,Fanta Orange 1.5L,C004,60,272,7.58,2025-12-08
SKU0033,Fanta Orange 1.5L,C006,151,678,18.86,2025-12-08
SKU0033,Fanta Orange 1.5L,C003,57,255,7.09,2025-12-08
SKU0033,Fanta Orange 1.5L,C001,150,674,18.73,2025-12-08
SKU0033,Fanta Orange 1.5L,C009,42,189,5.28,2025-12-08
SKU0033,Fanta Orange 1.5L,C005,137,616,17.12,2025-12-08
SKU0034,Shezan Mango Juice 250ml,C009,827,582,16.18,2025-12-08
SKU0034,Shezan Mango Juice 250ml,C007,333,235,6.53,2025-12-08
SKU0034,Shezan Mango Juice 250ml,C004,266,187,5.21,2025-12-08
SKU0034,Shezan Mango Juice 250ml,C005,721,508,14.12,2025-12-08
SKU0034,Shezan Mango Juice 250ml,C006,1111,783,21.75,2025-12-08
SKU0034,Shezan Mango Juice 250ml,C003,106,75,2.09,2025-12-08
SKU0035,Shezan Mango Juice 1L,C001,89,116,3.24,2025-12-08
SKU0035,Shezan Mango Juice 1L,C009,146,192,5.34,2025-12-08
SKU0035,Shezan Mango Juice 1L,C006,486,637,17.7,2025-12-08
SKU0035,Shezan Mango Juice 1L,C005,539,706,19.63,2025-12-08
SKU0035,Shezan Mango Juice 1L,C007,545,714,19.84,2025-12-08
SKU0035,Shezan Mango Juice 1L,C004,64,84,2.35,2025-12-08
SKU0035,Shezan Mango Juice 1L,C008,290,380,10.56,2025-12-08
SKU0036,Shezan Apple Juice 1L,C005,80,88,2.47,2025-12-08
SKU0036,Shezan Apple Juice 1L,C002,662,730,20.29,2025-12-08
SKU0036,Shezan Apple Juice 1L,C004,197,217,6.05,2025-12-08
SKU0036,Shezan Apple Juice 1L,C006,321,354,9.84,2025-12-08
SKU0037,Nestle Pure Life Water 500ml,C003,482,730,20.3,2025-12-08
SKU0037,Nestle Pure Life Water 500ml,C006,435,659,18.31,2025-12-08
SKU0037,Nestle Pure Life Water 500ml,C007,116,175,4.88,2025-12-08
SKU0037,Nestle Pure Life Water 500ml,C002,449,680,18.89,2025-12-08
SKU0037,Nestle Pure Life Water 500ml,C005,187,283,7.89,2025-12-08
SKU0037,Nestle Pure Life Water 500ml,C010,427,647,17.98,2025-12-08
SKU0037,Nestle Pure Life Water 500ml,C008,102,155,4.32,2025-12-08
SKU0037,Nestle Pure Life Water 500ml,C004,205,310,8.64,2025-12-08
SKU0037,Nestle Pure Life Water 500ml,C001,124,189,5.25,2025-12-08
SKU0037,Nestle Pure Life Water 500ml,C009,146,221,6.15,2025-12-08
SKU0038,Nestle Pure Life Water 1.5L,C009,2560,902,25.06,2025-12-08
SKU0038,Nestle Pure Life Water 1.5L,C007,757,267,7.42,2025-12-08
SKU0038,Nestle Pure Life Water 1.5L,C004,531,187,5.2,2025-12-08
SKU0039,Aquafina Water 500ml,C009,218,512,14.22,2025-12-08
SKU0039,Aquafina Water 500ml,C010,132,309,8.6,2025-12-08
SKU0039,Aquafina Water 500ml,C008,187,438,12.19,2025-12-08
SKU0039,Aquafina Water 500ml,C003,251,588,16.36,2025-12-08
SKU0039,Aquafina Water 500ml,C007,171,401,11.15,2025-12-08
SKU0039,Aquafina Water 500ml,C005,310,726,20.18,2025-12-08
SKU0039,Aquafina Water 500ml,C006,254,596,16.57,2025-12-08
SKU0039,Aquafina Water 500ml,C004,87,204,5.67,2025-12-08
SKU0040,Aquafina Water 1.5L,C005,565,283,7.88,2025-12-08
SKU0040,Aquafina Water 1.5L,C002,1143,573,15.92,2025-12-08
SKU0040,Aquafina Water 1.5L,C007,1046,524,14.57,2025-12-08
SKU0040,Aquafina Water 1.5L,C006,883,442,12.3,2025-12-08
SKU0040,Aquafina Water 1.5L,C008,143,71,2.0,2025-12-08
SKU0040,Aquafina Water 1.5L,C003,1092,547,15.21,2025-12-08
SKU0041,Gourmet Green Tea 25 bags,C003,117,161,4.48,2025-12-08
SKU0041,Gourmet Green Tea 25 bags,C010,665,909,25.28,2025-12-08
SKU0041,Gourmet Green Tea 25 bags,C008,537,734,20.4,2025-12-08
SKU0041,Gourmet Green Tea 25 bags,C007,248,339,9.44,2025-12-08
SKU0041,Gourmet Green Tea 25 bags,C001,273,374,10.39,2025-12-08
SKU0041,Gourmet Green Tea 25 bags,C002,173,237,6.59,2025-12-08
SKU0042,Gourmet Green Tea 50 bags,C007,610,560,15.58,2025-12-08
SKU0042,Gourmet Green Tea 50 bags,C005,183,168,4.68,2025-12-08
SKU0042,Gourmet Green Tea 50 bags,C004,1114,1024,28.46,2025-12-08
SKU0042,Gourmet Green Tea 50 bags,C002,635,583,16.22,2025-12-08
SKU0043,Gourmet Green Tea 100 bags,C004,302,670,18.62,2025-12-08
SKU0043,Gourmet Green Tea 100 bags,C003,269,598,16.63,2025-12-08
SKU0043,Gourmet Green Tea 100 bags,C007,362,804,22.33,2025-12-08
SKU0043,Gourmet Green Tea 100 bags,C008,320,710,19.74,2025-12-08
SKU0043,Gourmet Green Tea 100 bags,C010,222,492,13.69,2025-12-08
SKU0043,Gourmet Green Tea 100 bags,C002,226,503,13.98,2025-12-08
SKU0043,Gourmet Green Tea 100 bags,C009,171,380,10.57,2025-12-08
SKU0043,Gourmet Green Tea 100 bags,C001,57,127,3.55,2025-12-08
SKU0043,Gourmet Green Tea 100 bags,C005,254,565,15.7,2025-12-08
SKU0044,Lipton Yellow Label Tea 100 bags,C004,504,547,15.2,2025-12-08
SKU0044,Lipton Yellow Label Tea 100 bags,C003,139,150,4.19,2025-12-08
SKU0044,Lipton Yellow Label Tea 100 bags,C006,213,232,6.45,2025-12-08
SKU0044,Lipton Yellow Label Tea 100 bags,C009,138,150,4.18,2025-12-08
SKU0044,Lipton Yellow Label Tea 100 bags,C008,521,566,15.73,2025-12-08
SKU0044,Lipton Yellow Label Tea 100 bags,C010,585,635,17.65,2025-12-08
SKU0044,Lipton Yellow Label Tea 100 bags,C007,96,104,2.91,2025-12-08
SKU0044,Lipton Yellow Label Tea 100 bags,C005,185,201,5.59,2025-12-08
SKU0044,Lipton Yellow Label Tea 100 bags,C001,466,506,14.06,2025-12-08
SKU0044,Lipton Yellow Label Tea 100 bags,C002,879,954,26.52,2025-12-08
SKU0045,Lipton Yellow Label Tea 200 bags,C010,563,651,18.08,2025-12-08
SKU0045,Lipton Yellow Label Tea 200 bags,C007,267,308,8.57,2025-12-08
SKU0045,Lipton Yellow Label Tea 200 bags,C004,432,499,13.86,2025-12-08
SKU0045,Lipton Yellow Label Tea 200 bags,C006,283,327,9.1,2025-12-08
SKU0046,Vital Energy Drink 250ml,C010,123,288,8.02,2025-12-08
SKU0046,Vital Energy Drink 250ml,C004,105,245,6.81,2025-12-08
SKU0046,Vital Energy Drink 250ml,C009,122,286,7.95,2025-12-08
SKU0046,Vital Energy Drink 250ml,C002,32,74,2.08,2025-12-08
SKU0046,Vital Energy Drink 250ml,C001,108,253,7.03,2025-12-08
SKU0046,Vital Energy Drink 250ml,C003,431,1006,27.96,2025-12-08
SKU0046,Vital Energy Drink 250ml,C008,406,949,26.37,2025-12-08
SKU0046,Vital Energy Drink 250ml,C007,341,796,22.12,2025-12-08
SKU0046,Vital Energy Drink 250ml,C006,265,620,17.23,2025-12-08
SKU0047,Lays Masala Chips 34g,C003,931,328,9.14,2025-12-08
SKU0047,Lays Masala Chips 34g,C006,1447,510,14.19,2025-12-08
SKU0047,Lays Masala Chips 34g,C010,1617,571,15.86,2025-12-08
SKU0047,Lays Masala Chips 34g,C009,739,261,7.25,2025-12-08
SKU0048,Lays Masala Chips 68g,C006,545,505,14.03,2025-12-08
SKU0048,Lays Masala Chips 68g,C007,655,607,16.87,2025-12-08
SKU0048,Lays Masala Chips 68g,C001,206,191,5.31,2025-12-08
SKU0048,Lays Masala Chips 68g,C005,677,627,17.42,2025-12-08
SKU0048,Lays Masala Chips 68g,C008,225,208,5.8,2025-12-08
SKU0048,Lays Masala Chips 68g,C004,936,866,24.08,2025-12-08
SKU0048,Lays Masala Chips 68g,C009,564,522,14.52,2025-12-08
SKU0048,Lays Masala Chips 68g,C010,117,108,3.02,2025-12-08
SKU0048,Lays Masala Chips 68g,C003,327,302,8.42,2025-12-08
SKU0049,Lays Masala Chips 90g,C010,916,760,21.12,2025-12-08
SKU0049,Lays Masala Chips 90g,C001,850,706,19.62,2025-12-08
SKU0049,Lays Masala Chips 90g,C002,612,508,14.12,2025-12-08
SKU0049,Lays Masala Chips 90g,C005,852,708,19.67,2025-12-08
SKU0049,Lays Masala Chips 90g,C006,706,586,16.29,2025-12-08
SKU0049,Lays Masala Chips 90g,C007,741,615,17.09,2025-12-08
SKU0050,Lays Wavy Chips 68g,C001,571,688,19.12,2025-12-08
SKU0050,Lays Wavy Chips 68g,C005,600,722,20.07,2025-12-08
SKU0050,Lays Wavy Chips 68g,C007,870,1047,29.11,2025-12-08
SKU0050,Lays Wavy Chips 68g,C010,682,821,22.82,2025-12-08
SKU0050,Lays Wavy Chips 68g,C004,521,627,17.44,2025-12-08
SKU0050,Lays Wavy Chips 68g,C002,348,419,11.65,2025-12-08
SKU0050,Lays Wavy Chips 68g,C003,331,398,11.07,2025-12-08
SKU0050,Lays Wavy Chips 68g,C009,507,611,16.98,2025-12-08
SKU0051,Kolson Slanty 18g,C006,94,167,4.65,2025-12-08
SKU0051,Kolson Slanty 18g,C003,248,438,12.17,2025-12-08
SKU0051,Kolson Slanty 18g,C002,154,272,7.56,2025-12-08
SKU0051,Kolson Slanty 18g,C004,185,326,9.08,2025-12-08
SKU0051,Kolson Slanty 18g,C010,276,486,13.51,2025-12-08
SKU0051,Kolson Slanty 18g,C001,198,350,9.74,2025-12-08
SKU0051,Kolson Slanty 18g,C009,110,194,5.39,2025-12-08
SKU0052,Kolson Slanty 40g,C008,297,756,21.0,2025-12-08
SKU0052,Kolson Slanty 40g,C007,248,631,17.55,2025-12-08
SKU0052,Kolson Slanty 40g,C003,290,739,20.54,2025-12-08
SKU0052,Kolson Slanty 40g,C001,275,701,19.49,2025-12-08
SKU0052,Kolson Slanty 40g,C002,171,436,12.12,2025-12-08
SKU0053,Super Crisp Nimko 100g,C005,2781,622,17.3,2025-12-08
SKU0053,Super Crisp Nimko 100g,C008,857,192,5.33,2025-12-08
SKU0053,Super Crisp Nimko 100g,C002,966,216,6.01,2025-12-08
SKU0054,Super Crisp Nimko 200g,C001,1055,479,13.32,2025-12-08
SKU0054,Super Crisp Nimko 200g,C003,592,269,7.48,2025-12-08
SKU0054,Super Crisp Nimko 200g,C008,419,190,5.3,2025-12-08
SKU0054,Super Crisp Nimko 200g,C004,1728,785,21.83,2025-12-08
SKU0055,Cheetos Crunchy 48g,C010,345,351,9.76,2025-12-08
SKU0055,Cheetos Crunchy 48g,C002,327,333,9.26,2025-12-08
SKU0055,Cheetos Crunchy 48g,C009,332,338,9.4,2025-12-08
SKU0055,Cheetos Crunchy 48g,C001,933,949,26.38,2025-12-08
SKU0055,Cheetos Crunchy 48g,C005,670,682,18.96,2025-12-08
SKU0055,Cheetos Crunchy 48g,C008,118,120,3.36,2025-12-08
SKU0056,Kurkure Chatpata 62g,C007,1832,633,17.6,2025-12-08
SKU0056,Kurkure Chatpata 62g,C004,202,69,1.94,2025-12-08
SKU0056,Kurkure Chatpata 62g,C005,362,125,3.49,2025-12-08
SKU0057,Kurkure Chatpata 110g,C004,1630,845,23.49,2025-12-08
SKU0057,Kurkure Chatpata 110g,C003,731,379,10.53,2025-12-08
SKU0057,Kurkure Chatpata 110g,C001,1667,865,24.03,2025-12-08
SKU0058,Peek Freans Sooper Biscuit Family Pack,C003,221,312,8.67,2025-12-08
SKU0058,Peek Freans Sooper Biscuit Family Pack,C001,377,531,14.76,2025-12-08
SKU0058,Peek Freans Sooper Biscuit Family Pack,C008,214,301,8.37,2025-12-08
SKU0058,Peek Freans Sooper Biscuit Family Pack,C009,652,917,25.48,2025-12-08
SKU0058,Peek Freans Sooper Biscuit Family Pack,C007,52,73,2.05,2025-12-08
SKU0058,Peek Freans Sooper Biscuit Family Pack,C006,437,615,17.11,2025-12-08
SKU0058,Peek Freans Sooper Biscuit Family Pack,C002,308,434,12.07,2025-12-08
SKU0058,Peek Freans Sooper Biscuit Family Pack,C005,264,371,10.32,2025-12-08
SKU0058,Peek Freans Sooper Biscuit Family Pack,C004,179,252,7.02,2025-12-08
SKU0059,Peek Freans Sooper Biscuit Half Roll,C001,755,726,20.18,2025-12-08
SKU0059,Peek Freans Sooper Biscuit Half Roll,C010,178,171,4.76,2025-12-08
SKU0059,Peek Freans Sooper Biscuit Half Roll,C008,182,175,4.88,2025-12-08
SKU0059,Peek Freans Sooper Biscuit Half Roll,C006,435,418,11.63,2025-12-08
SKU0059,Peek Freans Sooper Biscuit Half Roll,C005,281,270,7.52,2025-12-08
SKU0059,Peek Freans Sooper Biscuit Half Roll,C009,728,700,19.46,2025-12-08
SKU0059,Peek Freans Sooper Biscuit Half Roll,C004,224,215,6.0,2025-12-08
SKU0059,Peek Freans Sooper Biscuit Half Roll,C003,684,658,18.29,2025-12-08
SKU0059,Peek Freans Sooper Biscuit Half Roll,C002,967,929,25.83,2025-12-08
SKU0060,Peek Freans Chocolate Chip 90g,C008,143,645,17.94,2025-12-08
SKU0060,Peek Freans Chocolate Chip 90g,C005,32,145,4.04,2025-12-08
SKU0060,Peek Freans Chocolate Chip 90g,C003,93,421,11.71,2025-12-08
SKU0060,Peek Freans Chocolate Chip 90g,C007,125,564,15.67,2025-12-08
SKU0060,Peek Freans Chocolate Chip 90g,C010,124,559,15.55,2025-12-08
SKU0060,Peek Freans Chocolate Chip 90g,C002,147,663,18.43,2025-12-08
SKU0060,Peek Freans Chocolate Chip 90g,C006,134,605,16.83,2025-12-08
SKU0060,Peek Freans Chocolate Chip 90g,C001,157,708,19.69,2025-12-08
SKU0060,Peek Freans Chocolate Chip 90g,C009,38,173,4.81,2025-12-08
SKU0060,Peek Freans Chocolate Chip 90g,C004,128,579,16.1,2025-12-08
SKU0061,Jubilee Chocolate Biscuit 90g,C005,465,408,11.33,2025-12-08
SKU0061,Jubilee Chocolate Biscuit 90g,C010,996,874,24.28,2025-12-08
SKU0061,Jubilee Chocolate Biscuit 90g,C008,698,612,17.02,2025-12-08
SKU0061,Jubilee Chocolate Biscuit 90g,C001,114,100,2.79,2025-12-08
SKU0061,Jubilee Chocolate Biscuit 90g,C006,308,270,7.51,2025-12-08
SKU0062,Jubilee Coconut Biscuit 90g,C007,1268,998,27.74,2025-12-08
SKU0062,Jubilee Coconut Biscuit 90g,C008,1320,1039,28.87,2025-12-08
SKU0062,Jubilee Coconut Biscuit 90g,C002,1315,1035,28.78,2025-12-08
SKU0062,Jubilee Coconut Biscuit 90g,C001,119,94,2.62,2025-12-08
SKU0063,Sooper Cream Biscuit Half Roll,C002,703,635,17.66,2025-12-08
SKU0063,Sooper Cream Biscuit Half Roll,C001,349,316,8.78,2025-12-08
SKU0063,Sooper Cream Biscuit Half Roll,C004,856,773,21.5,2025-12-08
SKU0063,Sooper Cream Biscuit Half Roll,C006,382,345,9.6,2025-12-08
SKU0064,Sooper Cream Biscuit Full Roll,C002,1161,495,13.76,2025-12-08
SKU0064,Sooper Cream Biscuit Full Roll,C003,1785,761,21.16,2025-12-08
SKU0064,Sooper Cream Biscuit Full Roll,C007,412,175,4.88,2025-12-08
SKU0064,Sooper Cream Biscuit Full Roll,C004,1349,575,16.0,2025-12-08
SKU0065,Rio Wafer 18g,C009,359,283,7.87,2025-12-08
SKU0065,Rio Wafer 18g,C010,1193,940,26.12,2025-12-08
SKU0065,Rio Wafer 18g,C001,1116,880,24.45,2025-12-08
SKU0065,Rio Wafer 18g,C007,999,788,21.9,2025-12-08
SKU0065,Rio Wafer 18g,C008,508,400,11.13,2025-12-08
SKU0065,Rio Wafer 18g,C004,126,99,2.77,2025-12-08
SKU0065,Rio Wafer 18g,C006,221,174,4.84,2025-12-08
SKU0065,Rio Wafer 18g,C002,168,133,3.7,2025-12-08
SKU0066,Rio Wafer 45g,C004,192,449,12.49,2025-12-08
SKU0066,Rio Wafer 45g,C007,59,138,3.85,2025-12-08
SKU0066,Rio Wafer 45g,C009,158,368,10.25,2025-12-08
SKU0066,Rio Wafer 45g,C003,279,652,18.12,2025-12-08
SKU0066,Rio Wafer 45g,C005,315,736,20.46,2025-12-08
SKU0066,Rio Wafer 45g,C006,352,823,22.87,2025-12-08
SKU0066,Rio Wafer 45g,C010,121,282,7.85,2025-12-08
SKU0066,Rio Wafer 45g,C008,358,837,23.25,2025-12-08
SKU0067,English Biscuit White Bread Medium,C001,702,453,12.6,2025-12-08
SKU0067,English Biscuit White Bread Medium,C010,426,275,7.66,2025-12-08
SKU0067,English Biscuit White Bread Medium,C009,1333,861,23.92,2025-12-08
SKU0067,English Biscuit White Bread Medium,C006,173,112,3.12,2025-12-08
SKU0067,English Biscuit White Bread Medium,C007,329,213,5.92,2025-12-08
SKU0067,English Biscuit White Bread Medium,C002,1115,720,20.01,2025-12-08
SKU0067,English Biscuit White Bread Medium,C003,843,544,15.13,2025-12-08
SKU0068,English Biscuit White Bread Large,C005,396,974,27.06,2025-12-08
SKU0068,English Biscuit White Bread Large,C008,34,84,2.36,2025-12-08
SKU0068,English Biscuit White Bread Large,C007,455,1119,31.1,2025-12-08
SKU0068,English Biscuit White Bread Large,C002,77,191,5.31,2025-12-08
SKU0068,English Biscuit White Bread Large,C004,111,274,7.62,2025-12-08
SKU0068,English Biscuit White Bread Large,C009,315,775,21.53,2025-12-08
SKU0068,English Biscuit White Bread Large,C010,353,867,24.11,2025-12-08
SKU0069,English Biscuit Brown Bread Medium,C007,291,143,3.98,2025-12-08
SKU0069,English Biscuit Brown Bread Medium,C002,1741,855,23.76,2025-12-08
SKU0069,English Biscuit Brown Bread Medium,C004,148,72,2.02,2025-12-08
SKU0069,English Biscuit Brown Bread Medium,C010,940,462,12.84,2025-12-08
SKU0069,English Biscuit Brown Bread Medium,C008,1040,511,14.2,2025-12-08
SKU0070,English Biscuit Brown Bread Large,C009,521,364,10.13,2025-12-08
SKU0070,English Biscuit Brown Bread Large,C006,870,609,16.92,2025-12-08
SKU0070,English Biscuit Brown Bread Large,C008,624,436,12.13,2025-12-08
SKU0071,Peek Freans Cake Rusk Regular,C010,517,778,21.62,2025-12-08
SKU0071,Peek Freans Cake Rusk Regular,C008,375,563,15.65,2025-12-08
SKU0071,Peek Freans Cake Rusk Regular,C009,451,678,18.84,2025-12-08
SKU0071,Peek Freans Cake Rusk Regular,C005,182,274,7.63,2025-12-08
SKU0071,Peek Freans Cake Rusk Regular,C003,152,229,6.38,2025-12-08
SKU0071,Peek Freans Cake Rusk Regular,C006,210,315,8.77,2025-12-08
SKU0071,Peek Freans Cake Rusk Regular,C002,426,640,17.8,2025-12-08
SKU0071,Peek Freans Cake Rusk Regular,C001,538,808,22.47,2025-12-08
SKU0072,Peek Freans Cake Rusk Chocolate,C008,67,200,5.58,2025-12-08
SKU0072,Peek Freans Cake Rusk Chocolate,C003,210,629,17.48,2025-12-08
SKU0072,Peek Freans Cake Rusk Chocolate,C004,258,774,21.52,2025-12-08
SKU0072,Peek Freans Cake Rusk Chocolate,C009,36,107,3.0,2025-12-08
SKU0072,Peek Freans Cake Rusk Chocolate,C006,53,159,4.44,2025-12-08
SKU0072,Peek Freans Cake Rusk Chocolate,C001,169,508,14.12,2025-12-08
SKU0072,Peek Freans Cake Rusk Chocolate,C010,352,1054,29.29,2025-12-08
SKU0072,Peek Freans Cake Rusk Chocolate,C005,73,220,6.12,2025-12-08
SKU0073,Young's Milk Rusk 300g,C006,976,897,24.92,2025-12-08
SKU0073,Young's Milk Rusk 300g,C010,677,622,17.3,2025-12-08
SKU0073,Young's Milk Rusk 300g,C001,286,263,7.31,2025-12-08
SKU0073,Young's Milk Rusk 300g,C007,479,440,12.25,2025-12-08
SKU0073,Young's Milk Rusk 300g,C003,578,531,14.75,2025-12-08
SKU0073,Young's Milk Rusk 300g,C005,1115,1025,28.48,2025-12-08
SKU0073,Young's Milk Rusk 300g,C002,513,471,13.1,2025-12-08
SKU0074,Bake Parlor Rusk Plain,C009,2034,949,26.38,2025-12-08
SKU0074,Bake Parlor Rusk Plain,C010,524,244,6.8,2025-12-08
SKU0074,Bake Parlor Rusk Plain,C002,1125,525,14.59,2025-12-08
SKU0074,Bake Parlor Rusk Plain,C006,514,240,6.68,2025-12-08
SKU0074,Bake Parlor Rusk Plain,C008,129,60,1.68,2025-12-08
SKU0075,Bake Parlor Rusk Zeera,C004,793,619,17.21,2025-12-08
SKU0075,Bake Parlor Rusk Zeera,C009,514,401,11.15,2025-12-08
SKU0075,Bake Parlor Rusk Zeera,C001,89,70,1.95,2025-12-08
SKU0075,Bake Parlor Rusk Zeera,C005,1266,988,27.47,2025-12-08
SKU0076,Dawn White Bread Medium,C009,233,615,17.09,2025-12-08
SKU0076,Dawn White Bread Medium,C010,175,461,12.82,2025-12-08
SKU0076,Dawn White Bread Medium,C007,109,288,8.01,2025-12-08
SKU0076,Dawn White Bread Medium,C001,340,897,24.92,2025-12-08
SKU0076,Dawn White Bread Medium,C003,26,68,1.9,2025-12-08
SKU0076,Dawn White Bread Medium,C008,299,790,21.95,2025-12-08
SKU0076,Dawn White Bread Medium,C006,93,246,6.85,2025-12-08
SKU0076,Dawn White Bread Medium,C002,112,295,8.21,2025-12-08
SKU0076,Dawn White Bread Medium,C004,244,644,17.91,2025-12-08
SKU0076,Dawn White Bread Medium,C005,308,814,22.62,2025-12-08
SKU0077,National Biryani Masala 50g,C009,354,307,8.54,2025-12-08
SKU0077,National Biryani Masala 50g,C005,863,747,20.76,2025-12-08
SKU0077,National Biryani Masala 50g,C004,577,500,13.89,2025-12-08
SKU0077,National Biryani Masala 50g,C007,604,523,14.53,2025-12-08
SKU0077,National Biryani Masala 50g,C006,484,419,11.66,2025-12-08
SKU0077,National Biryani Masala 50g,C001,732,634,17.63,2025-12-08
SKU0078,National Biryani Masala 100g,C008,240,470,13.07,2025-12-08
SKU0078,National Biryani Masala 100g,C007,285,557,15.49,2025-12-08
SKU0078,National Biryani Masala 100g,C010,592,1157,32.15,2025-12-08
SKU0079,National Korma Masala 50g,C004,1671,523,14.55,2025-12-08
SKU0079,National Korma Masala 50g,C009,251,78,2.19,2025-12-08
SKU0079,National Korma Masala 50g,C001,2661,834,23.17,2025-12-08
SKU0080,National Nihari Masala 50g,C001,136,445,12.38,2025-12-08
SKU0080,National Nihari Masala 50g,C010,282,925,25.71,2025-12-08
SKU0080,National Nihari Masala 50g,C004,133,437,12.16,2025-12-08
SKU0080,National Nihari Masala 50g,C002,101,331,9.2,2025-12-08
SKU0080,National Nihari Masala 50g,C003,242,793,22.04,2025-12-08
SKU0080,National Nihari Masala 50g,C007,211,692,19.24,2025-12-08
SKU0080,National Nihari Masala 50g,C005,163,534,14.85,2025-12-08
SKU0080,National Nihari Masala 50g,C008,265,868,24.14,2025-12-08
SKU0081,Shan Biryani Masala 50g,C004,111,223,6.2,2025-12-08
SKU0081,Shan Biryani Masala 50g,C002,267,534,14.85,2025-12-08
SKU0081,Shan Biryani Masala 50g,C009,198,397,11.03,2025-12-08
SKU0081,Shan Biryani Masala 50g,C001,113,226,6.29,2025-12-08
SKU0081,Shan Biryani Masala 50g,C003,133,265,7.38,2025-12-08
SKU0081,Shan Biryani Masala 50g,C007,352,703,19.54,2025-12-08
SKU0081,Shan Biryani Masala 50g,C008,316,630,17.52,2025-12-08
SKU0082,Shan Biryani Masala 100g,C007,696,662,18.4,2025-12-08
SKU0082,Shan Biryani Masala 100g,C010,318,302,8.42,2025-12-08
SKU0082,Shan Biryani Masala 100g,C003,479,455,12.65,2025-12-08
SKU0082,Shan Biryani Masala 100g,C001,333,317,8.81,2025-12-08
SKU0082,Shan Biryani Masala 100g,C002,828,787,21.87,2025-12-08
SKU0082,Shan Biryani Masala 100g,C005,736,700,19.45,2025-12-08
SKU0082,Shan Biryani Masala 100g,C004,515,490,13.62,2025-12-08
SKU0082,Shan Biryani Masala 100g,C006,273,259,7.22,2025-12-08
SKU0083,Shan Chicken Tikka 50g,C008,211,381,10.61,2025-12-08
SKU0083,Shan Chicken Tikka 50g,C001,379,685,19.05,2025-12-08
SKU0083,Shan Chicken Tikka 50g,C002,343,620,17.23,2025-12-08
SKU0083,Shan Chicken Tikka 50g,C004,404,729,20.26,2025-12-08
SKU0083,Shan Chicken Tikka 50g,C006,59,107,2.98,2025-12-08
SKU0083,Shan Chicken Tikka 50g,C003,108,195,5.42,2025-12-08
SKU0084,Shan Chicken Karahi 50g,C001,246,112,3.12,2025-12-08
SKU0084,Shan Chicken Karahi 50g,C003,2144,978,27.18,2025-12-08
SKU0084,Shan Chicken Karahi 50g,C006,1496,682,18.97,2025-12-08
SKU0084,Shan Chicken Karahi 50g,C004,242,110,3.08,2025-12-08
SKU0085,Mehran Seekh Kabab 50g,C005,122,219,6.09,2025-12-08
SKU0085,Mehran Seekh Kabab 50g,C008,356,636,17.68,2025-12-08
SKU0085,Mehran Seekh Kabab 50g,C002,161,287,7.99,2025-12-08
SKU0085,Mehran Seekh Kabab 50g,C003,256,457,12.71,2025-12-08
SKU0085,Mehran Seekh Kabab 50g,C004,164,292,8.13,2025-12-08
SKU0085,Mehran Seekh Kabab 50g,C006,215,383,10.65,2025-12-08
SKU0086,Dalda Cooking Oil 1L,C005,130,530,14.75,2025-12-08
SKU0086,Dalda Cooking Oil 1L,C010,50,207,5.76,2025-12-08
SKU0086,Dalda Cooking Oil 1L,C007,145,591,16.44,2025-12-08
SKU0086,Dalda Cooking Oil 1L,C009,119,488,13.56,2025-12-08
SKU0086,Dalda Cooking Oil 1L,C003,110,450,12.5,2025-12-08
SKU0086,Dalda Cooking Oil 1L,C004,217,883,24.55,2025-12-08
SKU0086,Dalda Cooking Oil 1L,C001,23,97,2.7,2025-12-08
SKU0086,Dalda Cooking Oil 1L,C008,35,146,4.06,2025-12-08
SKU0086,Dalda Cooking Oil 1L,C002,179,731,20.33,2025-12-08
SKU0087,Dalda Cooking Oil 2.5L,C002,176,229,6.38,2025-12-08
SKU0087,Dalda Cooking Oil 2.5L,C008,509,663,18.44,2025-12-08
SKU0087,Dalda Cooking Oil 2.5L,C004,182,238,6.62,2025-12-08
SKU0087,Dalda Cooking Oil 2.5L,C010,59,78,2.17,2025-12-08
SKU0087,Dalda Cooking Oil 2.5L,C007,361,471,13.09,2025-12-08
SKU0087,Dalda Cooking Oil 2.5L,C006,514,671,18.65,2025-12-08
SKU0087,Dalda Cooking Oil 2.5L,C001,229,299,8.33,2025-12-08
SKU0087,Dalda Cooking Oil 2.5L,C009,145,189,5.26,2025-12-08
SKU0087,Dalda Cooking Oil 2.5L,C005,754,984,27.34,2025-12-08
SKU0087,Dalda Cooking Oil 2.5L,C003,387,505,14.05,2025-12-08
SKU0088,Dalda Cooking Oil 5L,C003,704,1149,31.94,2025-12-08
SKU0088,Dalda Cooking Oil 5L,C007,72,117,3.27,2025-12-08
SKU0088,Dalda Cooking Oil 5L,C004,38,63,1.76,2025-12-08
SKU0088,Dalda Cooking Oil 5L,C001,461,752,20.91,2025-12-08
SKU0088,Dalda Cooking Oil 5L,C009,278,454,12.64,2025-12-08
SKU0088,Dalda Cooking Oil 5L,C002,237,387,10.75,2025-12-08
SKU0088,Dalda Cooking Oil 5L,C008,123,201,5.6,2025-12-08
SKU0088,Dalda Cooking Oil 5L,C005,625,1021,28.37,2025-12-08
SKU0088,Dalda Cooking Oil 5L,C010,216,354,9.84,2025-12-08
SKU0089,Habib Banaspati 1kg,C007,1004,914,25.39,2025-12-08
SKU0089,Habib Banaspati 1kg,C003,82,74,2.08,2025-12-08
SKU0089,Habib Banaspati 1kg,C006,373,339,9.43,2025-12-08
SKU0089,Habib Banaspati 1kg,C010,670,609,16.94,2025-12-08
SKU0089,Habib Banaspati 1kg,C004,181,164,4.58,2025-12-08
SKU0090,Habib Banaspati 2.5kg,C007,246,706,19.63,2025-12-08
SKU0090,Habib Banaspati 2.5kg,C006,139,401,11.14,2025-12-08
SKU0090,Habib Banaspati 2.5kg,C002,191,550,15.28,2025-12-08
SKU0090,Habib Banaspati 2.5kg,C009,322,924,25.69,2025-12-08
SKU0090,Habib Banaspati 2.5kg,C001,67,192,5.34,2025-12-08
SKU0090,Habib Banaspati 2.5kg,C010,95,273,7.6,2025-12-08
SKU0090,Habib Banaspati 2.5kg,C008,73,210,5.84,2025-12-08
SKU0091,Eva Cooking Oil 1L,C004,44,178,4.95,2025-12-08
SKU0091,Eva Cooking Oil 1L,C002,89,357,9.92,2025-12-08
SKU0091,Eva Cooking Oil 1L,C010,189,758,21.06,2025-12-08
SKU0091,Eva Cooking Oil 1L,C003,232,928,25.78,2025-12-08
SKU0091,Eva Cooking Oil 1L,C001,262,1048,29.12,2025-12-08
SKU0091,Eva Cooking Oil 1L,C009,185,741,20.6,2025-12-08
SKU0091,Eva Cooking Oil 1L,C008,197,787,21.88,2025-12-08
SKU0091,Eva Cooking Oil 1L,C005,16,64,1.79,2025-12-08
SKU0092,Eva Cooking Oil 5L,C001,891,984,27.35,2025-12-08
SKU0092,Eva Cooking Oil 5L,C004,518,573,15.92,2025-12-08
SKU0092,Eva Cooking Oil 5L,C009,428,473,13.14,2025-12-08
SKU0092,Eva Cooking Oil 5L,C006,663,732,20.35,2025-12-08
SKU0093,Tapal Danedar Tea 190g,C004,414,337,9.36,2025-12-08
SKU0093,Tapal Danedar Tea 190g,C005,660,537,14.93,2025-12-08
SKU0093,Tapal Danedar Tea 190g,C009,602,489,13.61,2025-12-08
SKU0093,Tapal Danedar Tea 190g,C008,738,601,16.7,2025-12-08
SKU0093,Tapal Danedar Tea 190g,C001,310,252,7.01,2025-12-08
SKU0093,Tapal Danedar Tea 190g,C002,784,637,17.72,2025-12-08
SKU0093,Tapal Danedar Tea 190g,C007,527,429,11.93,2025-12-08
SKU0094,Tapal Danedar Tea 475g,C006,56,64,1.79,2025-12-08
SKU0094,Tapal Danedar Tea 475g,C008,438,501,13.94,2025-12-08
SKU0094,Tapal Danedar Tea 475g,C003,690,789,21.94,2025-12-08
SKU0094,Tapal Danedar Tea 475g,C002,560,641,17.83,2025-12-08
SKU0094,Tapal Danedar Tea 475g,C001,424,485,13.48,2025-12-08
SKU0094,Tapal Danedar Tea 475g,C005,204,234,6.5,2025-12-08
SKU0094,Tapal Danedar Tea 475g,C009,767,877,24.38,2025-12-08
SKU0095,Tapal Danedar Tea 950g,C001,780,657,18.27,2025-12-08
SKU0095,Tapal Danedar Tea 950g,C006,1026,865,24.03,2025-12-08
SKU0095,Tapal Danedar Tea 950g,C009,344,290,8.06,2025-12-08
SKU0095,Tapal Danedar Tea 950g,C007,179,151,4.21,2025-12-08
SKU0096,Lipton Yellow Label 200g,C005,124,78,2.17,2025-12-08
SKU0096,Lipton Yellow Label 200g,C002,125,79,2.2,2025-12-08
SKU0096,Lipton Yellow Label 200g,C007,1181,742,20.63,2025-12-08
SKU0096,Lipton Yellow Label 200g,C009,1383,870,24.17,2025-12-08
SKU0096,Lipton Yellow Label 200g,C006,1344,845,23.49,2025-12-08
SKU0097,Lipton Yellow Label 450g,C004,1107,924,25.68,2025-12-08
SKU0097,Lipton Yellow Label 450g,C010,436,364,10.13,2025-12-08
SKU0097,Lipton Yellow Label 450g,C003,704,588,16.34,2025-12-08
SKU0097,Lipton Yellow Label 450g,C007,810,676,18.8,2025-12-08
SKU0098,Vital Tea 475g,C006,418,289,8.03,2025-12-08
SKU0098,Vital Tea 475g,C002,297,205,5.71,2025-12-08
SKU0098,Vital Tea 475g,C007,1076,743,20.65,2025-12-08
SKU0098,Vital Tea 475g,C005,457,315,8.77,2025-12-08
SKU0098,Vital Tea 475g,C004,641,442,12.29,2025-12-08
SKU0098,Vital Tea 475g,C003,621,428,11.91,2025-12-08
SKU0098,Vital Tea 475g,C001,125,86,2.4,2025-12-08
SKU0098,Vital Tea 475g,C008,992,685,19.03,2025-12-08
SKU0099,Sufi Basmati Rice 5kg,C004,676,187,5.2,2025-12-08
SKU0099,Sufi Basmati Rice 5kg,C010,3132,867,24.09,2025-12-08
SKU0099,Sufi Basmati Rice 5kg,C007,542,150,4.18,2025-12-08
SKU0100,Sufi Basmati Rice 10kg,C002,305,522,14.51,2025-12-08
SKU0100,Sufi Basmati Rice 10kg,C008,394,673,18.7,2025-12-08
SKU0100,Sufi Basmati Rice 10kg,C010,398,680,18.89,2025-12-08
SKU0100,Sufi Basmati Rice 10kg,C006,358,611,16.99,2025-12-08
SKU0100,Sufi Basmati Rice 10kg,C004,86,146,4.08,2025-12-08
SKU0100,Sufi Basmati Rice 10kg,C005,464,792,22.0,2025-12-08
SKU0100,Sufi Basmati Rice 10kg,C001,350,598,16.61,2025-12-08
SKU0100,Sufi Basmati Rice 10kg,C003,308,526,14.63,2025-12-08
SKU0100,Sufi Basmati Rice 10kg,C009,399,681,18.93,2025-12-08
SKU0101,Guard Super Basmati 5kg,C003,746,368,10.23,2025-12-08
SKU0101,Guard Super Basmati 5kg,C009,1004,495,13.77,2025-12-08
SKU0101,Guard Super Basmati 5kg,C005,275,136,3.78,2025-12-08
SKU0102,Guard Super Basmati 10kg,C007,85,163,4.55,2025-12-08
SKU0102,Guard Super Basmati 10kg,C005,452,868,24.12,2025-12-08
SKU0102,Guard Super Basmati 10kg,C006,101,195,5.43,2025-12-08
SKU0102,Guard Super Basmati 10kg,C009,377,724,20.11,2025-12-08
SKU0102,Guard Super Basmati 10kg,C001,381,731,20.31,2025-12-08
SKU0102,Guard Super Basmati 10kg,C010,422,809,22.49,2025-12-08
SKU0102,Guard Super Basmati 10kg,C004,372,714,19.85,2025-12-08
SKU0102,Guard Super Basmati 10kg,C002,327,628,17.47,2025-12-08
SKU0102,Guard Super Basmati 10kg,C008,349,670,18.62,2025-12-08
SKU0102,Guard Super Basmati 10kg,C003,199,381,10.6,2025-12-08
SKU0103,Mehran Basmati Rice 5kg,C004,321,213,5.94,2025-12-08
SKU0103,Mehran Basmati Rice 5kg,C002,790,526,14.63,2025-12-08
SKU0103,Mehran Basmati Rice 5kg,C009,786,523,14.54,2025-12-08
SKU0103,Mehran Basmati Rice 5kg,C010,1245,829,23.03,2025-12-08
SKU0103,Mehran Basmati Rice 5kg,C001,392,261,7.27,2025-12-08
SKU0103,Mehran Basmati Rice 5kg,C008,924,615,17.09,2025-12-08
SKU0104,Shangrila Vermicelli 200g,C007,280,535,14.88,2025-12-08
SKU0104,Shangrila Vermicelli 200g,C010,335,640,17.8,2025-12-08
SKU0104,Shangrila Vermicelli 200g,C002,462,884,24.58,2025-12-08
SKU0104,Shangrila Vermicelli 200g,C008,202,386,10.73,2025-12-08
SKU0104,Shangrila Vermicelli 200g,C006,36,69,1.92,2025-12-08
SKU0104,Shangrila Vermicelli 200g,C003,475,908,25.23,2025-12-08
SKU0104,Shangrila Vermicelli 200g,C004,506,967,26.88,2025-12-08
SKU0104,Shangrila Vermicelli 200g,C001,212,405,11.26,2025-12-08
SKU0104,Shangrila Vermicelli 200g,C005,388,741,20.61,2025-12-08
SKU0105,Shangrila Vermicelli 400g,C006,206,198,5.52,2025-12-08
SKU0105,Shangrila Vermicelli 400g,C001,824,795,22.1,2025-12-08
SKU0105,Shangrila Vermicelli 400g,C009,457,441,12.27,2025-12-08
SKU0105,Shangrila Vermicelli 400g,C003,113,109,3.05,2025-12-08
SKU0105,Shangrila Vermicelli 400g,C002,161,155,4.32,2025-12-08
SKU0105,Shangrila Vermicelli 400g,C007,811,782,21.74,2025-12-08
SKU0105,Shangrila Vermicelli 400g,C005,70,67,1.88,2025-12-08
SKU0105,Shangrila Vermicelli 400g,C004,499,481,13.38,2025-12-08
SKU0105,Shangrila Vermicelli 400g,C008,381,368,10.23,2025-12-08
SKU0106,Kolson Macaroni 200g,C003,1281,865,24.04,2025-12-08
SKU0106,Kolson Macaroni 200g,C004,385,260,7.23,2025-12-08
SKU0106,Kolson Macaroni 200g,C010,584,394,10.97,2025-12-08
SKU0106,Kolson Macaroni 200g,C005,115,77,2.16,2025-12-08
SKU0106,Kolson Macaroni 200g,C006,1034,698,19.41,2025-12-08
SKU0107,Kolson Macaroni 400g,C004,128,79,2.22,2025-12-08
SKU0107,Kolson Macaroni 400g,C002,1118,697,19.38,2025-12-08
SKU0107,Kolson Macaroni 400g,C009,137,85,2.39,2025-12-08
SKU0107,Kolson Macaroni 400g,C010,952,593,16.49,2025-12-08
SKU0107,Kolson Macaroni 400g,C006,339,211,5.87,2025-12-08
SKU0108,National Salt 800g,C001,304,969,26.93,2025-12-08
SKU0108,National Salt 800g,C004,24,77,2.15,2025-12-08
SKU0108,National Salt 800g,C005,128,408,11.35,2025-12-08
SKU0108,National Salt 800g,C007,186,592,16.47,2025-12-08
SKU0108,National Salt 800g,C003,157,502,13.96,2025-12-08
SKU0108,National Salt 800g,C009,55,175,4.88,2025-12-08
SKU0108,National Salt 800g,C006,98,313,8.7,2025-12-08
SKU0108,National Salt 800g,C010,59,188,5.23,2025-12-08
SKU0109,Shan Red Chilli Powder 100g,C001,401,669,18.6,2025-12-08
SKU0109,Shan Red Chilli Powder 100g,C006,561,935,25.98,2025-12-08
SKU0109,Shan Red Chilli Powder 100g,C007,38,63,1.77,2025-12-08
SKU0109,Shan Red Chilli Powder 100g,C009,660,1099,30.55,2025-12-08
SKU0110,Shan Red Chilli Powder 200g,C009,365,594,16.5,2025-12-08
SKU0110,Shan Red Chilli Powder 200g,C008,83,135,3.78,2025-12-08
SKU0110,Shan Red Chilli Powder 200g,C007,182,295,8.22,2025-12-08
SKU0110,Shan Red Chilli Powder 200g,C005,312,508,14.13,2025-12-08
SKU0110,Shan Red Chilli Powder 200g,C006,232,377,10.48,2025-12-08
SKU0110,Shan Red Chilli Powder 200g,C010,593,965,26.82,2025-12-08
SKU0110,Shan Red Chilli Powder 200g,C003,628,1022,28.4,2025-12-08
SKU0111,National Turmeric Powder 100g,C002,687,732,20.36,2025-12-08
SKU0111,National Turmeric Powder 100g,C004,622,663,18.42,2025-12-08
SKU0111,National Turmeric Powder 100g,C006,755,805,22.38,2025-12-08
SKU0112,Lux Beauty Soap 3-pack,C006,837,365,10.15,2025-12-08
SKU0112,Lux Beauty Soap 3-pack,C008,981,428,11.9,2025-12-08
SKU0112,Lux Beauty Soap 3-pack,C004,344,150,4.18,2025-12-08
SKU0112,Lux Beauty Soap 3-pack,C009,217,94,2.63,2025-12-08
SKU0113,Lux Beauty Soap 6-pack,C005,510,502,13.95,2025-12-08
SKU0113,Lux Beauty Soap 6-pack,C008,444,436,12.13,2025-12-08
SKU0113,Lux Beauty Soap 6-pack,C003,145,142,3.97,2025-12-08
SKU0113,Lux Beauty Soap 6-pack,C006,601,591,16.44,2025-12-08
SKU0113,Lux Beauty Soap 6-pack,C002,399,393,10.92,2025-12-08
SKU0113,Lux Beauty Soap 6-pack,C010,409,402,11.19,2025-12-08
SKU0113,Lux Beauty Soap 6-pack,C001,162,159,4.44,2025-12-08
SKU0113,Lux Beauty Soap 6-pack,C004,86,84,2.35,2025-12-08
SKU0113,Lux Beauty Soap 6-pack,C009,111,110,3.06,2025-12-08
SKU0114,Lifebuoy Soap 3-pack,C004,713,588,16.34,2025-12-08
SKU0114,Lifebuoy Soap 3-pack,C005,764,630,17.52,2025-12-08
SKU0114,Lifebuoy Soap 3-pack,C008,1143,943,26.2,2025-12-08
SKU0114,Lifebuoy Soap 3-pack,C010,503,415,11.55,2025-12-08
SKU0114,Lifebuoy Soap 3-pack,C006,870,718,19.95,2025-12-08
SKU0114,Lifebuoy Soap 3-pack,C007,630,520,14.45,2025-12-08
SKU0114,Lifebuoy Soap 3-pack,C003,76,63,1.75,2025-12-08
SKU0115,Lifebuoy Soap 6-pack,C002,381,535,14.87,2025-12-08
SKU0115,Lifebuoy Soap 6-pack,C010,423,593,16.49,2025-12-08
SKU0115,Lifebuoy Soap 6-pack,C009,365,511,14.21,2025-12-08
SKU0115,Lifebuoy Soap 6-pack,C005,293,411,11.44,2025-12-08
SKU0115,Lifebuoy Soap 6-pack,C006,57,80,2.22,2025-12-08
SKU0115,Lifebuoy Soap 6-pack,C004,207,290,8.07,2025-12-08
SKU0115,Lifebuoy Soap 6-pack,C001,76,106,2.97,2025-12-08
SKU0116,Safeguard Soap 3-pack,C007,549,1057,29.38,2025-12-08
SKU0116,Safeguard Soap 3-pack,C001,434,836,23.24,2025-12-08
SKU0116,Safeguard Soap 3-pack,C005,175,337,9.38,2025-12-08
SKU0116,Safeguard Soap 3-pack,C009,336,647,17.98,2025-12-08
SKU0116,Safeguard Soap 3-pack,C004,252,485,13.5,2025-12-08
SKU0116,Safeguard Soap 3-pack,C003,326,627,17.44,2025-12-08
SKU0116,Safeguard Soap 3-pack,C008,111,214,5.95,2025-12-08
SKU0116,Safeguard Soap 3-pack,C006,396,762,21.19,2025-12-08
SKU0116,Safeguard Soap 3-pack,C002,256,493,13.7,2025-12-08
SKU0117,Dettol Soap 3-pack,C004,1088,259,7.2,2025-12-08
SKU0117,Dettol Soap 3-pack,C008,403,96,2.67,2025-12-08
SKU0117,Dettol Soap 3-pack,C006,2268,540,15.01,2025-12-08
SKU0118,Dove Beauty Bar 100g,C002,182,615,17.09,2025-12-08
SKU0118,Dove Beauty Bar 100g,C009,75,253,7.05,2025-12-08
SKU0118,Dove Beauty Bar 100g,C005,251,848,23.57,2025-12-08
SKU0118,Dove Beauty Bar 100g,C007,178,602,16.73,2025-12-08
SKU0118,Dove Beauty Bar 100g,C010,95,322,8.96,2025-12-08
SKU0118,Dove Beauty Bar 100g,C008,179,604,16.8,2025-12-08
SKU0118,Dove Beauty Bar 100g,C001,74,250,6.97,2025-12-08
SKU0118,Dove Beauty Bar 100g,C006,102,344,9.56,2025-12-08
SKU0119,Dove Beauty Bar 3-pack,C003,470,556,15.46,2025-12-08
SKU0119,Dove Beauty Bar 3-pack,C007,272,323,8.98,2025-12-08
SKU0119,Dove Beauty Bar 3-pack,C008,749,887,24.65,2025-12-08
SKU0120,Fair & Lovely Cream 25g,C005,600,428,11.91,2025-12-08
SKU0120,Fair & Lovely Cream 25g,C003,999,713,19.82,2025-12-08
SKU0120,Fair & Lovely Cream 25g,C006,1028,734,20.4,2025-12-08
SKU0120,Fair & Lovely Cream 25g,C004,265,189,5.27,2025-12-08
SKU0121,Fair & Lovely Cream 50g,C008,565,374,10.4,2025-12-08
SKU0121,Fair & Lovely Cream 50g,C004,911,603,16.77,2025-12-08
SKU0121,Fair & Lovely Cream 50g,C001,124,82,2.29,2025-12-08
SKU0121,Fair & Lovely Cream 50g,C002,917,607,16.89,2025-12-08
SKU0121,Fair & Lovely Cream 50g,C003,504,334,9.28,2025-12-08
SKU0122,Fair & Lovely Cream 80g,C009,1200,745,20.72,2025-12-08
SKU0122,Fair & Lovely Cream 80g,C005,772,480,13.33,2025-12-08
SKU0122,Fair & Lovely Cream 80g,C003,1152,716,19.89,2025-12-08
SKU0123,Pond's Face Cream 50g,C004,325,482,13.41,2025-12-08
SKU0123,Pond's Face Cream 50g,C005,436,647,17.99,2025-12-08
SKU0123,Pond's Face Cream 50g,C009,163,242,6.73,2025-12-08
SKU0123,Pond's Face Cream 50g,C008,122,181,5.05,2025-12-08
SKU0124,Pantene Shampoo 180ml,C002,712,702,19.5,2025-12-08
SKU0124,Pantene Shampoo 180ml,C004,171,169,4.7,2025-12-08
SKU0124,Pantene Shampoo 180ml,C006,1030,1016,28.23,2025-12-08
SKU0124,Pantene Shampoo 180ml,C003,159,157,4.37,2025-12-08
SKU0124,Pantene Shampoo 180ml,C007,446,440,12.22,2025-12-08
SKU0124,Pantene Shampoo 180ml,C008,531,524,14.56,2025-12-08
SKU0124,Pantene Shampoo 180ml,C009,326,321,8.94,2025-12-08
SKU0124,Pantene Shampoo 180ml,C005,359,354,9.85,2025-12-08
SKU0125,Pantene Shampoo 400ml,C007,1213,987,27.42,2025-12-08
SKU0125,Pantene Shampoo 400ml,C005,1181,961,26.71,2025-12-08
SKU0125,Pantene Shampoo 400ml,C002,469,382,10.61,2025-12-08
SKU0125,Pantene Shampoo 400ml,C006,736,599,16.65,2025-12-08
SKU0126,Pantene Shampoo 650ml,C008,215,436,12.14,2025-12-08
SKU0126,Pantene Shampoo 650ml,C010,220,448,12.46,2025-12-08
SKU0126,Pantene Shampoo 650ml,C005,99,201,5.58,2025-12-08
SKU0126,Pantene Shampoo 650ml,C002,414,841,23.37,2025-12-08
SKU0126,Pantene Shampoo 650ml,C006,254,517,14.38,2025-12-08
SKU0126,Pantene Shampoo 650ml,C007,31,63,1.75,2025-12-08
SKU0126,Pantene Shampoo 650ml,C009,323,656,18.23,2025-12-08
SKU0127,Head & Shoulders Shampoo 185ml,C008,701,409,11.37,2025-12-08
SKU0127,Head & Shoulders Shampoo 185ml,C004,978,570,15.85,2025-12-08
SKU0127,Head & Shoulders Shampoo 185ml,C010,1684,982,27.3,2025-12-08
SKU0127,Head & Shoulders Shampoo 185ml,C001,1199,700,19.45,2025-12-08
SKU0128,Head & Shoulders Shampoo 400ml,C010,112,543,15.08,2025-12-08
SKU0128,Head & Shoulders Shampoo 400ml,C007,109,528,14.67,2025-12-08
SKU0128,Head & Shoulders Shampoo 400ml,C005,50,241,6.7,2025-12-08
SKU0128,Head & Shoulders Shampoo 400ml,C002,215,1038,28.84,2025-12-08
SKU0128,Head & Shoulders Shampoo 400ml,C003,167,808,22.45,2025-12-08
SKU0128,Head & Shoulders Shampoo 400ml,C004,117,567,15.77,2025-12-08
SKU0128,Head & Shoulders Shampoo 400ml,C006,177,855,23.75,2025-12-08
SKU0128,Head & Shoulders Shampoo 400ml,C009,99,477,13.26,2025-12-08
SKU0128,Head & Shoulders Shampoo 400ml,C001,47,227,6.32,2025-12-08
SKU0128,Head & Shoulders Shampoo 400ml,C008,158,761,21.15,2025-12-08
SKU0129,Sunsilk Shampoo 180ml,C001,184,505,14.05,2025-12-08
SKU0129,Sunsilk Shampoo 180ml,C010,323,885,24.6,2025-12-08
SKU0129,Sunsilk Shampoo 180ml,C004,162,444,12.33,2025-12-08
SKU0129,Sunsilk Shampoo 180ml,C003,317,868,24.11,2025-12-08
SKU0129,Sunsilk Shampoo 180ml,C008,260,711,19.77,2025-12-08
SKU0129,Sunsilk Shampoo 180ml,C002,141,387,10.75,2025-12-08
SKU0129,Sunsilk Shampoo 180ml,C007,98,268,7.45,2025-12-08
SKU0129,Sunsilk Shampoo 180ml,C009,25,71,1.98,2025-12-08
SKU0129,Sunsilk Shampoo 180ml,C005,268,734,20.4,2025-12-08
SKU0130,Sunsilk Shampoo 400ml,C003,912,785,21.82,2025-12-08
SKU0130,Sunsilk Shampoo 400ml,C002,106,92,2.56,2025-12-08
SKU0130,Sunsilk Shampoo 400ml,C001,920,792,22.0,2025-12-08
SKU0130,Sunsilk Shampoo 400ml,C010,665,573,15.92,2025-12-08
SKU0130,Sunsilk Shampoo 400ml,C009,1031,888,24.68,2025-12-08
SKU0131,Clear Shampoo 185ml,C008,220,740,20.56,2025-12-08
SKU0131,Clear Shampoo 185ml,C004,71,240,6.67,2025-12-08
SKU0131,Clear Shampoo 185ml,C010,182,614,17.08,2025-12-08
SKU0131,Clear Shampoo 185ml,C005,110,370,10.3,2025-12-08
SKU0131,Clear Shampoo 185ml,C003,311,1048,29.13,2025-12-08
SKU0131,Clear Shampoo 185ml,C007,143,481,13.39,2025-12-08
SKU0131,Clear Shampoo 185ml,C009,81,274,7.63,2025-12-08
SKU0131,Clear Shampoo 185ml,C001,174,585,16.27,2025-12-08
SKU0131,Clear Shampoo 185ml,C002,120,405,11.26,2025-12-08
SKU0132,Clear Shampoo 400ml,C005,169,657,18.27,2025-12-08
SKU0132,Clear Shampoo 400ml,C004,162,630,17.52,2025-12-08
SKU0132,Clear Shampoo 400ml,C002,67,259,7.22,2025-12-08
SKU0132,Clear Shampoo 400ml,C001,230,894,24.85,2025-12-08
SKU0132,Clear Shampoo 400ml,C006,101,393,10.93,2025-12-08
SKU0132,Clear Shampoo 400ml,C010,185,719,19.99,2025-12-08
SKU0132,Clear Shampoo 400ml,C003,71,275,7.65,2025-12-08
SKU0132,Clear Shampoo 400ml,C007,30,117,3.28,2025-12-08
SKU0132,Clear Shampoo 400ml,C008,13,50,1.41,2025-12-08
SKU0132,Clear Shampoo 400ml,C009,22,88,2.46,2025-12-08
SKU0133,Colgate Toothpaste 75g,C004,769,967,26.86,2025-12-08
SKU0133,Colgate Toothpaste 75g,C008,456,574,15.95,2025-12-08
SKU0133,Colgate Toothpaste 75g,C010,553,695,19.33,2025-12-08
SKU0133,Colgate Toothpaste 75g,C002,171,215,5.99,2025-12-08
SKU0133,Colgate Toothpaste 75g,C001,419,527,14.65,2025-12-08
SKU0133,Colgate Toothpaste 75g,C003,157,197,5.49,2025-12-08
SKU0134,Colgate Toothpaste 150g,C010,424,879,24.42,2025-12-08
SKU0134,Colgate Toothpaste 150g,C002,319,662,18.4,2025-12-08
SKU0134,Colgate Toothpaste 150g,C009,71,148,4.12,2025-12-08
SKU0134,Colgate Toothpaste 150g,C005,446,924,25.68,2025-12-08
SKU0134,Colgate Toothpaste 150g,C001,213,442,12.3,2025-12-08
SKU0134,Colgate Toothpaste 150g,C007,301,624,17.34,2025-12-08
SKU0134,Colgate Toothpaste 150g,C004,206,428,11.91,2025-12-08
SKU0134,Colgate Toothpaste 150g,C003,355,736,20.45,2025-12-08
SKU0135,Close Up Toothpaste 75g,C009,52,56,1.58,2025-12-08
SKU0135,Close Up Toothpaste 75g,C004,275,298,8.3,2025-12-08
SKU0135,Close Up Toothpaste 75g,C005,507,550,15.3,2025-12-08
SKU0135,Close Up Toothpaste 75g,C003,211,229,6.37,2025-12-08
SKU0135,Close Up Toothpaste 75g,C002,404,438,12.18,2025-12-08
SKU0135,Close Up Toothpaste 75g,C010,758,822,22.86,2025-12-08
SKU0135,Close Up Toothpaste 75g,C006,438,475,13.22,2025-12-08
SKU0135,Close Up Toothpaste 75g,C008,259,281,7.81,2025-12-08
SKU0135,Close Up Toothpaste 75g,C007,501,544,15.11,2025-12-08
SKU0136,Close Up Toothpaste 150g,C004,511,485,13.48,2025-12-08
SKU0136,Close Up Toothpaste 150g,C006,874,829,23.05,2025-12-08
SKU0136,Close Up Toothpaste 150g,C001,791,751,20.86,2025-12-08
SKU0136,Close Up Toothpaste 150g,C005,1142,1084,30.12,2025-12-08
SKU0136,Close Up Toothpaste 150g,C008,688,653,18.14,2025-12-08
SKU0136,Close Up Toothpaste 150g,C002,139,132,3.68,2025-12-08
SKU0137,Sensodyne Toothpaste 75g,C004,537,532,14.78,2025-12-08
SKU0137,Sensodyne Toothpaste 75g,C007,487,483,13.42,2025-12-08
SKU0137,Sensodyne Toothpaste 75g,C009,249,246,6.85,2025-12-08
SKU0137,Sensodyne Toothpaste 75g,C010,408,404,11.23,2025-12-08
SKU0137,Sensodyne Toothpaste 75g,C008,550,545,15.15,2025-12-08
SKU0137,Sensodyne Toothpaste 75g,C006,100,99,2.76,2025-12-08
SKU0137,Sensodyne Toothpaste 75g,C005,421,417,11.6,2025-12-08
SKU0137,Sensodyne Toothpaste 75g,C002,577,572,15.9,2025-12-08
SKU0138,Surf Excel Detergent 1kg,C006,372,440,12.24,2025-12-08
SKU0138,Surf Excel Detergent 1kg,C002,189,223,6.21,2025-12-08
SKU0138,Surf Excel Detergent 1kg,C010,413,488,13.58,2025-12-08
SKU0138,Surf Excel Detergent 1kg,C001,418,494,13.74,2025-12-08
SKU0138,Surf Excel Detergent 1kg,C009,442,522,14.51,2025-12-08
SKU0138,Surf Excel Detergent 1kg,C008,526,622,17.28,2025-12-08
SKU0138,Surf Excel Detergent 1kg,C003,522,617,17.15,2025-12-08
SKU0138,Surf Excel Detergent 1kg,C004,83,98,2.73,2025-12-08
SKU0139,Surf Excel Detergent 3kg,C008,878,373,10.38,2025-12-08
SKU0139,Surf Excel Detergent 3kg,C003,1291,549,15.27,2025-12-08
SKU0139,Surf Excel Detergent 3kg,C001,976,415,11.55,2025-12-08
SKU0140,Surf Excel Detergent 6kg,C010,442,678,18.85,2025-12-08
SKU0140,Surf Excel Detergent 6kg,C002,681,1044,29.02,2025-12-08
SKU0140,Surf Excel Detergent 6kg,C005,445,682,18.95,2025-12-08
SKU0140,Surf Excel Detergent 6kg,C006,572,877,24.37,2025-12-08
SKU0140,Surf Excel Detergent 6kg,C003,542,831,23.1,2025-12-08
SKU0140,Surf Excel Detergent 6kg,C004,258,395,11.0,2025-12-08
SKU0140,Surf Excel Detergent 6kg,C007,456,698,19.4,2025-12-08
SKU0140,Surf Excel Detergent 6kg,C008,163,250,6.97,2025-12-08
SKU0141,Ariel Detergent 1kg,C009,1570,845,23.48,2025-12-08
SKU0141,Ariel Detergent 1kg,C008,1358,730,20.3,2025-12-08
SKU0141,Ariel Detergent 1kg,C010,951,512,14.23,2025-12-08
SKU0141,Ariel Detergent 1kg,C005,595,320,8.9,2025-12-08
SKU0142,Ariel Detergent 3kg,C005,117,259,7.2,2025-12-08
SKU0142,Ariel Detergent 3kg,C003,158,349,9.7,2025-12-08
SKU0142,Ariel Detergent 3kg,C009,51,113,3.15,2025-12-08
SKU0142,Ariel Detergent 3kg,C008,281,622,17.29,2025-12-08
SKU0142,Ariel Detergent 3kg,C001,225,498,13.85,2025-12-08
SKU0142,Ariel Detergent 3kg,C006,51,114,3.18,2025-12-08
SKU0142,Ariel Detergent 3kg,C010,264,584,16.23,2025-12-08
SKU0142,Ariel Detergent 3kg,C002,341,754,20.97,2025-12-08
SKU0142,Ariel Detergent 3kg,C007,277,614,17.06,2025-12-08
SKU0142,Ariel Detergent 3kg,C004,30,66,1.85,2025-12-08
SKU0143,Bonus Detergent 1kg,C002,97,100,2.78,2025-12-08
SKU0143,Bonus Detergent 1kg,C010,437,449,12.5,2025-12-08
SKU0143,Bonus Detergent 1kg,C001,220,226,6.3,2025-12-08
SKU0143,Bonus Detergent 1kg,C007,181,186,5.18,2025-12-08
SKU0143,Bonus Detergent 1kg,C008,725,745,20.72,2025-12-08
SKU0143,Bonus Detergent 1kg,C005,123,126,3.51,2025-12-08
SKU0144,Bonus Detergent 3kg,C009,81,124,3.46,2025-12-08
SKU0144,Bonus Detergent 3kg,C010,541,829,23.03,2025-12-08
SKU0144,Bonus Detergent 3kg,C003,284,435,12.1,2025-12-08
SKU0144,Bonus Detergent 3kg,C008,423,648,18.01,2025-12-08
SKU0144,Bonus Detergent 3kg,C006,532,815,22.65,2025-12-08
SKU0144,Bonus Detergent 3kg,C007,409,626,17.41,2025-12-08
SKU0144,Bonus Detergent 3kg,C004,502,769,21.38,2025-12-08
SKU0144,Bonus Detergent 3kg,C001,431,661,18.36,2025-12-08
SKU0145,Wheel Detergent 1kg,C008,334,613,17.05,2025-12-08
SKU0145,Wheel Detergent 1kg,C001,281,516,14.33,2025-12-08
SKU0145,Wheel Detergent 1kg,C007,404,741,20.6,2025-12-08
SKU0145,Wheel Detergent 1kg,C009,438,805,22.37,2025-12-08
SKU0145,Wheel Detergent 1kg,C004,441,810,22.51,2025-12-08
SKU0145,Wheel Detergent 1kg,C010,72,133,3.72,2025-12-08
SKU0145,Wheel Detergent 1kg,C006,325,597,16.6,2025-12-08
SKU0145,Wheel Detergent 1kg,C002,451,828,23.0,2025-12-08
SKU0146,Harpic Toilet Cleaner 500ml,C006,732,292,8.11,2025-12-08
SKU0146,Harpic Toilet Cleaner 500ml,C001,780,311,8.65,2025-12-08
SKU0146,Harpic Toilet Cleaner 500ml,C009,1902,758,21.07,2025-12-08
SKU0147,Harpic Toilet Cleaner 1L,C007,153,292,8.11,2025-12-08
SKU0147,Harpic Toilet Cleaner 1L,C008,140,266,7.41,2025-12-08
SKU0147,Harpic Toilet Cleaner 1L,C004,87,166,4.64,2025-12-08
SKU0147,Harpic Toilet Cleaner 1L,C006,57,110,3.06,2025-12-08
SKU0147,Harpic Toilet Cleaner 1L,C002,251,478,13.29,2025-12-08
SKU0147,Harpic Toilet Cleaner 1L,C009,306,583,16.21,2025-12-08
SKU0147,Harpic Toilet Cleaner 1L,C005,196,374,10.4,2025-12-08
SKU0147,Harpic Toilet Cleaner 1L,C003,425,809,22.48,2025-12-08
SKU0148,Dettol Disinfectant 500ml,C006,376,550,15.29,2025-12-08
SKU0148,Dettol Disinfectant 500ml,C002,332,485,13.5,2025-12-08
SKU0148,Dettol Disinfectant 500ml,C003,237,347,9.65,2025-12-08
SKU0148,Dettol Disinfectant 500ml,C009,664,970,26.97,2025-12-08
SKU0148,Dettol Disinfectant 500ml,C001,142,207,5.77,2025-12-08
SKU0148,Dettol Disinfectant 500ml,C008,432,631,17.54,2025-12-08
SKU0148,Dettol Disinfectant 500ml,C010,363,531,14.76,2025-12-08
SKU0148,Dettol Disinfectant 500ml,C004,390,570,15.85,2025-12-08
SKU0148,Dettol Disinfectant 500ml,C005,741,1083,30.08,2025-12-08
SKU0149,Colin Glass Cleaner 500ml,C002,553,629,17.5,2025-12-08
SKU0149,Colin Glass Cleaner 500ml,C009,272,309,8.6,2025-12-08
SKU0149,Colin Glass Cleaner 500ml,C005,257,292,8.12,2025-12-08
SKU0149,Colin Glass Cleaner 500ml,C004,252,287,7.98,2025-12-08
SKU0149,Colin Glass Cleaner 500ml,C010,650,740,20.56,2025-12-08
SKU0149,Colin Glass Cleaner 500ml,C003,696,792,22.01,2025-12-08
SKU0149,Colin Glass Cleaner 500ml,C006,586,666,18.51,2025-12-08
SKU0150,Vim Dishwash Bar 250g,C003,357,359,9.99,2025-12-08
SKU0150,Vim Dishwash Bar 250g,C001,153,154,4.28,2025-12-08
SKU0150,Vim Dishwash Bar 250g,C004,76,76,2.12,2025-12-08
SKU0150,Vim Dishwash Bar 250g,C008,707,711,19.77,2025-12-08
SKU0150,Vim Dishwash Bar 250g,C010,181,183,5.08,2025-12-08
SKU0150,Vim Dishwash Bar 250g,C007,1045,1052,29.23,2025-12-08
SKU0151,Vim Dishwash Bar 500g,C001,682,405,11.25,2025-12-08
SKU0151,Vim Dishwash Bar 500g,C002,434,257,7.16,2025-12-08
SKU0151,Vim Dishwash Bar 500g,C003,103,61,1.71,2025-12-08
SKU0151,Vim Dishwash Bar 500g,C007,777,461,12.81,2025-12-08
SKU0151,Vim Dishwash Bar 500g,C010,1599,949,26.36,2025-12-08
SKU0151,Vim Dishwash Bar 500g,C008,991,588,16.34,2025-12-08
SKU0152,K&N's Chicken Nuggets 500g,C002,113,151,4.2,2025-12-08
SKU0152,K&N's Chicken Nuggets 500g,C010,144,192,5.35,2025-12-08
SKU0152,K&N's Chicken Nuggets 500g,C009,458,610,16.95,2025-12-08
SKU0152,K&N's Chicken Nuggets 500g,C001,560,745,20.72,2025-12-08
SKU0152,K&N's Chicken Nuggets 500g,C006,272,362,10.06,2025-12-08
SKU0152,K&N's Chicken Nuggets 500g,C007,127,170,4.72,2025-12-08
SKU0152,K&N's Chicken Nuggets 500g,C008,461,615,17.09,2025-12-08
SKU0152,K&N's Chicken Nuggets 500g,C003,61,81,2.27,2025-12-08
SKU0152,K&N's Chicken Nuggets 500g,C004,657,876,24.34,2025-12-08
SKU0153,K&N's Chicken Nuggets 1kg,C006,240,362,10.06,2025-12-08
SKU0153,K&N's Chicken Nuggets 1kg,C010,520,782,21.75,2025-12-08
SKU0153,K&N's Chicken Nuggets 1kg,C009,544,818,22.74,2025-12-08
SKU0153,K&N's Chicken Nuggets 1kg,C001,474,714,19.85,2025-12-08
SKU0153,K&N's Chicken Nuggets 1kg,C007,42,63,1.77,2025-12-08
SKU0153,K&N's Chicken Nuggets 1kg,C004,186,280,7.8,2025-12-08
SKU0153,K&N's Chicken Nuggets 1kg,C002,97,146,4.06,2025-12-08
SKU0153,K&N's Chicken Nuggets 1kg,C008,365,549,15.27,2025-12-08
SKU0154,K&N's Chicken Seekh Kabab 500g,C007,317,514,14.29,2025-12-08
SKU0154,K&N's Chicken Seekh Kabab 500g,C004,268,435,12.09,2025-12-08
SKU0154,K&N's Chicken Seekh Kabab 500g,C005,192,312,8.67,2025-12-08
SKU0154,K&N's Chicken Seekh Kabab 500g,C006,108,175,4.88,2025-12-08
SKU0154,K&N's Chicken Seekh Kabab 500g,C001,706,1144,31.8,2025-12-08
SKU0155,K&N's Chicken Patties 12-pack,C006,269,177,4.92,2025-12-08
SKU0155,K&N's Chicken Patties 12-pack,C007,857,563,15.66,2025-12-08
SKU0155,K&N's Chicken Patties 12-pack,C002,1276,839,23.31,2025-12-08
SKU0155,K&N's Chicken Patties 12-pack,C005,757,497,13.82,2025-12-08
SKU0155,K&N's Chicken Patties 12-pack,C003,423,277,7.72,2025-12-08
SKU0155,K&N's Chicken Patties 12-pack,C001,270,177,4.94,2025-12-08
SKU0155,K&N's Chicken Patties 12-pack,C004,1073,705,19.6,2025-12-08
SKU0156,Menu Plain Paratha 20-pack,C010,914,642,17.85,2025-12-08
SKU0156,Menu Plain Paratha 20-pack,C003,1446,1016,28.25,2025-12-08
SKU0156,Menu Plain Paratha 20-pack,C002,1125,791,21.98,2025-12-08
SKU0156,Menu Plain Paratha 20-pack,C006,459,323,8.98,2025-12-08
SKU0156,Menu Plain Paratha 20-pack,C008,371,261,7.26,2025-12-08
SKU0157,Menu Plain Paratha 30-pack,C004,238,326,9.06,2025-12-08
SKU0157,Menu Plain Paratha 30-pack,C009,556,760,21.12,2025-12-08
SKU0157,Menu Plain Paratha 30-pack,C003,599,819,22.77,2025-12-08
SKU0157,Menu Plain Paratha 30-pack,C001,617,844,23.47,2025-12-08
SKU0157,Menu Plain Paratha 30-pack,C008,501,686,19.06,2025-12-08
SKU0157,Menu Plain Paratha 30-pack,C006,308,421,11.71,2025-12-08
SKU0157,Menu Plain Paratha 30-pack,C005,246,337,9.37,2025-12-08
SKU0157,Menu Plain Paratha 30-pack,C010,334,457,12.7,2025-12-08
SKU0157,Menu Plain Paratha 30-pack,C007,166,228,6.34,2025-12-08
SKU0158,Makkhan Paratha 20-pack,C004,295,326,9.07,2025-12-08
SKU0158,Makkhan Paratha 20-pack,C003,599,660,18.36,2025-12-08
SKU0158,Makkhan Paratha 20-pack,C001,177,195,5.42,2025-12-08
SKU0158,Makkhan Paratha 20-pack,C008,84,93,2.59,2025-12-08
SKU0158,Makkhan Paratha 20-pack,C006,537,593,16.48,2025-12-08
SKU0158,Makkhan Paratha 20-pack,C002,145,160,4.47,2025-12-08
SKU0158,Makkhan Paratha 20-pack,C009,470,519,14.43,2025-12-08
SKU0158,Makkhan Paratha 20-pack,C010,409,452,12.56,2025-12-08
SKU0158,Makkhan Paratha 20-pack,C005,120,132,3.69,2025-12-08
SKU0158,Makkhan Paratha 20-pack,C007,172,190,5.28,2025-12-08
SKU0159,Walls Ice Cream Cornetto Single,C006,724,394,10.96,2025-12-08
SKU0159,Walls Ice Cream Cornetto Single,C007,1128,614,17.07,2025-12-08
SKU0159,Walls Ice Cream Cornetto Single,C008,248,135,3.76,2025-12-08
SKU0160,Walls Magnum Single,C010,312,83,2.33,2025-12-08
SKU0160,Walls Magnum Single,C009,378,101,2.82,2025-12-08
SKU0160,Walls Magnum Single,C003,2459,659,18.31,2025-12-08
